[
    {
        "address": "1745 T Street Southeast",
        "city": "Washington",
        "coordinates": {
            "lat": 38.867033,
            "lng": -76.979235
        },
        "postalCode": "20020",
        "state": "DC"
    },
    {
        "address": "6007 Applegate Lane",
        "city": "Louisville",
        "coordinates": {
            "lat": 38.1343013,
            "lng": -85.6498512
        },
        "postalCode": "40219",
        "state": "KY"
    },
    {
        "address": "560 Penstock Drive",
        "city": "Grass Valley",
        "coordinates": {
            "lat": 39.213076,
            "lng": -121.077583
        },
        "postalCode": "95945",
        "state": "CA"
    },
    {
        "address": "150 Carter Street",
        "city": "Manchester",
        "coordinates": {
            "lat": 41.76556000000001,
            "lng": -72.473091
        },
        "postalCode": "06040",
        "state": "CT"
    },
    {
        "address": "2721 Lindsay Avenue",
        "city": "Louisville",
        "coordinates": {
            "lat": 38.263793,
            "lng": -85.700243
        },
        "postalCode": "40206",
        "state": "KY"
    },
    {
        "address": "18 Densmore Drive",
        "city": "Essex",
        "coordinates": {
            "lat": 44.492953,
            "lng": -73.101883
        },
        "postalCode": "05452",
        "state": "VT"
    },
    {
        "address": "637 Britannia Drive",
        "city": "Vallejo",
        "coordinates": {
            "lat": 38.10476999999999,
            "lng": -122.193849
        },
        "postalCode": "94591",
        "state": "CA"
    },
    {
        "address": "5601 West Crocus Drive",
        "city": "Glendale",
        "coordinates": {
            "lat": 33.6152469,
            "lng": -112.179737
        },
        "postalCode": "85306",
        "state": "AZ"
    },
    {
        "address": "5403 Illinois Avenue",
        "city": "Nashville",
        "coordinates": {
            "lat": 36.157077,
            "lng": -86.853827
        },
        "postalCode": "37209",
        "state": "TN"
    },
    {
        "address": "8821 West Myrtle Avenue",
        "city": "Glendale",
        "coordinates": {
            "lat": 33.5404296,
            "lng": -112.2488391
        },
        "postalCode": "85305",
        "state": "AZ"
    },
    {
        "address": "2203 7th Street Road",
        "city": "Louisville",
        "coordinates": {
            "lat": 38.218107,
            "lng": -85.779006
        },
        "postalCode": "40208",
        "state": "KY"
    },
    {
        "address": "6463 Vrain Street",
        "city": "Arvada",
        "coordinates": {
            "lat": 39.814056,
            "lng": -105.046913
        },
        "postalCode": "80003",
        "state": "CO"
    },
    {
        "address": "87 Horseshoe Drive",
        "city": "West Windsor",
        "coordinates": {
            "lat": 43.4731793,
            "lng": -72.4967532
        },
        "postalCode": "05037",
        "state": "VT"
    },
    {
        "address": "60 Desousa Drive",
        "city": "Manchester",
        "coordinates": {
            "lat": 41.7409259,
            "lng": -72.5619104
        },
        "postalCode": "06040",
        "state": "CT"
    },
    {
        "address": "4 Old Colony Way",
        "city": "Yarmouth",
        "coordinates": {
            "lat": 41.697168,
            "lng": -70.189992
        },
        "postalCode": "02664",
        "state": "MA"
    },
    {
        "address": "314 South 17th Street",
        "city": "Nashville",
        "coordinates": {
            "lat": 36.1719075,
            "lng": -86.740228
        },
        "postalCode": "37206",
        "state": "TN"
    },
    {
        "address": "1649 Timberridge Court",
        "city": "Fayetteville",
        "coordinates": {
            "lat": 36.084563,
            "lng": -94.206082
        },
        "postalCode": "72704",
        "state": "AR"
    },
    {
        "address": "5461 West Shades Valley Drive",
        "city": "Montgomery",
        "coordinates": {
            "lat": 32.296422,
            "lng": -86.34280299999999
        },
        "postalCode": "36108",
        "state": "AL"
    },
    {
        "address": "629 Debbie Drive",
        "city": "Nashville",
        "coordinates": {
            "lat": 36.208114,
            "lng": -86.58621199999999
        },
        "postalCode": "37076",
        "state": "TN"
    },
    {
        "address": "22572 Toreador Drive",
        "city": "Salinas",
        "coordinates": {
            "lat": 36.602449,
            "lng": -121.699071
        },
        "postalCode": "93908",
        "state": "CA"
    },
    {
        "address": "3034 Mica Street",
        "city": "Fayetteville",
        "coordinates": {
            "lat": 36.0807929,
            "lng": -94.2066449
        },
        "postalCode": "72704",
        "state": "AR"
    },
    {
        "address": "3729 East Mission Boulevard",
        "city": "Fayetteville",
        "coordinates": {
            "lat": 36.0919353,
            "lng": -94.10654219999999
        },
        "postalCode": "72703",
        "state": "AR"
    },
    {
        "address": "5114 Greentree Drive",
        "city": "Nashville",
        "coordinates": {
            "lat": 36.0618539,
            "lng": -86.738508
        },
        "postalCode": "37211",
        "state": "TN"
    },
    {
        "address": "3466 Southview Avenue",
        "city": "Montgomery",
        "coordinates": {
            "lat": 32.341227,
            "lng": -86.2846859
        },
        "postalCode": "36111",
        "state": "AL"
    },
    {
        "address": "1513 Cathy Street",
        "city": "Savannah",
        "coordinates": {
            "lat": 32.067416,
            "lng": -81.125331
        },
        "postalCode": "31415",
        "state": "GA"
    },
    {
        "address": "600 West 19th Avenue",
        "city": "Anchorage",
        "coordinates": {
            "lat": 61.203115,
            "lng": -149.894107
        },
        "postalCode": "99503",
        "state": "AK"
    },
    {
        "address": "1208 Elkader Court North",
        "city": "Nashville",
        "coordinates": {
            "lat": 36.080049,
            "lng": -86.60116099999999
        },
        "postalCode": "37013",
        "state": "TN"
    },
    {
        "address": "210 Green Road",
        "city": "Manchester",
        "coordinates": {
            "lat": 41.7909099,
            "lng": -72.51195129999999
        },
        "postalCode": "06042",
        "state": "CT"
    },
    {
        "address": "49548 Road 200",
        "city": "O'Neals",
        "coordinates": {
            "lat": 37.153463,
            "lng": -119.648192
        },
        "postalCode": "93645",
        "state": "CA"
    },
    {
        "address": "81 Seaton Place Northwest",
        "city": "Washington",
        "coordinates": {
            "lat": 38.9149499,
            "lng": -77.01170259999999
        },
        "postalCode": "20001",
        "state": "DC"
    },
    {
        "address": "1267 Martin Street",
        "city": "Nashville",
        "coordinates": {
            "lat": 36.1404897,
            "lng": -86.7695179
        },
        "postalCode": "37203",
        "state": "TN"
    },
    {
        "address": "7431 Candace Way",
        "city": "Louisville",
        "coordinates": {
            "lat": 38.142768,
            "lng": -85.7717132
        },
        "postalCode": "40214",
        "state": "KY"
    },
    {
        "address": "1407 Walden Court",
        "city": "Crofton",
        "coordinates": {
            "lat": 39.019306,
            "lng": -76.660653
        },
        "postalCode": "21114",
        "state": "MD"
    },
    {
        "address": "5906 Milton Avenue",
        "city": "Deale",
        "coordinates": {
            "lat": 38.784451,
            "lng": -76.54125499999999
        },
        "postalCode": "20751",
        "state": "MD"
    },
    {
        "address": "74 Springfield Street",
        "city": "Agawam",
        "coordinates": {
            "lat": 42.0894922,
            "lng": -72.6297558
        },
        "postalCode": "01001",
        "state": "MA"
    },
    {
        "address": "2905 Stonebridge Court",
        "city": "Norman",
        "coordinates": {
            "lat": 35.183319,
            "lng": -97.40210499999999
        },
        "postalCode": "73071",
        "state": "OK"
    },
    {
        "address": "20930 Todd Valley Road",
        "city": "Foresthill",
        "coordinates": {
            "lat": 38.989466,
            "lng": -120.883108
        },
        "postalCode": "95631",
        "state": "CA"
    },
    {
        "address": "5928 West Mauna Loa Lane",
        "city": "Glendale",
        "coordinates": {
            "lat": 33.6204899,
            "lng": -112.18702
        },
        "postalCode": "85306",
        "state": "AZ"
    },
    {
        "address": "802 Madison Street Northwest",
        "city": "Washington",
        "coordinates": {
            "lat": 38.9582381,
            "lng": -77.0244287
        },
        "postalCode": "20011",
        "state": "DC"
    },
    {
        "address": "2811 Battery Place Northwest",
        "city": "Washington",
        "coordinates": {
            "lat": 38.9256252,
            "lng": -77.0982646
        },
        "postalCode": "20016",
        "state": "DC"
    },
    {
        "address": "210 Lacross Lane",
        "city": "Westmore",
        "coordinates": {
            "lat": 44.771005,
            "lng": -72.048664
        },
        "postalCode": "05860",
        "state": "VT"
    },
    {
        "address": "2010 Rising Hill Drive",
        "city": "Norman",
        "coordinates": {
            "lat": 35.177281,
            "lng": -97.411869
        },
        "postalCode": "73071",
        "state": "OK"
    },
    {
        "address": "388 East Main Street",
        "coordinates": {
            "lat": 43.9727945,
            "lng": -73.1023187
        },
        "postalCode": "05753",
        "state": "VT"
    },
    {
        "address": "450 Kinhawk Drive",
        "city": "Nashville",
        "coordinates": {
            "lat": 36.030927,
            "lng": -86.71949099999999
        },
        "postalCode": "37211",
        "state": "TN"
    },
    {
        "address": "131 Westerly Street",
        "city": "Manchester",
        "coordinates": {
            "lat": 41.7906813,
            "lng": -72.53559729999999
        },
        "postalCode": "06042",
        "state": "CT"
    },
    {
        "address": "308 Woodleaf Court",
        "city": "Glen Burnie",
        "coordinates": {
            "lat": 39.1425931,
            "lng": -76.6238441
        },
        "postalCode": "21061",
        "state": "MD"
    },
    {
        "address": "8502 Madrone Avenue",
        "city": "Louisville",
        "coordinates": {
            "lat": 38.1286407,
            "lng": -85.8678042
        },
        "postalCode": "40258",
        "state": "KY"
    },
    {
        "address": "23 Sable Run Lane",
        "city": "Methuen",
        "coordinates": {
            "lat": 42.759847,
            "lng": -71.157721
        },
        "postalCode": "01844",
        "state": "MA"
    },
    {
        "address": "716 Waller Road",
        "city": "Brentwood",
        "coordinates": {
            "lat": 35.998892,
            "lng": -86.696529
        },
        "postalCode": "37027",
        "state": "TN"
    },
    {
        "address": "416 McIver Street",
        "city": "Nashville",
        "coordinates": {
            "lat": 36.10436,
            "lng": -86.74411599999999
        },
        "postalCode": "37211",
        "state": "TN"
    },
    {
        "address": "1508 Massachusetts Avenue Southeast",
        "city": "Washington",
        "coordinates": {
            "lat": 38.887255,
            "lng": -76.98318499999999
        },
        "postalCode": "20003",
        "state": "DC"
    },
    {
        "address": "5615 West Villa Maria Drive",
        "city": "Glendale",
        "coordinates": {
            "lat": 33.650988,
            "lng": -112.180624
        },
        "postalCode": "85308",
        "state": "AZ"
    },
    {
        "address": "3162 Martin Luther King Junior Boulevard",
        "city": "Fayetteville",
        "coordinates": {
            "lat": 36.05233310000001,
            "lng": -94.2056987
        },
        "postalCode": "72704",
        "state": "AR"
    },
    {
        "address": "5306 Ritchie Highway",
        "city": "Baltimore",
        "coordinates": {
            "lat": 39.221978,
            "lng": -76.614183
        },
        "postalCode": "21225",
        "state": "MD"
    },
    {
        "address": "109 Summit Street",
        "city": "Burlington",
        "coordinates": {
            "lat": 44.4729749,
            "lng": -73.2026566
        },
        "postalCode": "05401",
        "state": "VT"
    },
    {
        "address": "816 West 19th Avenue",
        "city": "Anchorage",
        "coordinates": {
            "lat": 61.203221,
            "lng": -149.898655
        },
        "postalCode": "99503",
        "state": "AK"
    },
    {
        "address": "172 Alburg Springs Road",
        "city": "Alburgh",
        "coordinates": {
            "lat": 44.995827,
            "lng": -73.2201539
        },
        "postalCode": "05440",
        "state": "VT"
    },
    {
        "address": "159 Downey Drive",
        "city": "Manchester",
        "coordinates": {
            "lat": 41.7800126,
            "lng": -72.5754309
        },
        "postalCode": "06040",
        "state": "CT"
    },
    {
        "address": "125 John Street",
        "city": "Santa Cruz",
        "coordinates": {
            "lat": 36.950901,
            "lng": -122.046881
        },
        "postalCode": "95060",
        "state": "CA"
    },
    {
        "address": "1101 Lotus Avenue",
        "city": "Glen Burnie",
        "coordinates": {
            "lat": 39.191982,
            "lng": -76.6525659
        },
        "postalCode": "21061",
        "state": "MD"
    },
    {
        "address": "8376 Albacore Drive",
        "city": "Pasadena",
        "coordinates": {
            "lat": 39.110409,
            "lng": -76.46565799999999
        },
        "postalCode": "21122",
        "state": "MD"
    },
    {
        "address": "491 Arabian Way",
        "city": "Grand Junction",
        "coordinates": {
            "lat": 39.07548999999999,
            "lng": -108.474785
        },
        "postalCode": "81504",
        "state": "CO"
    },
    {
        "address": "12245 West 71st Place",
        "city": "Arvada",
        "coordinates": {
            "lat": 39.8267078,
            "lng": -105.1366798
        },
        "postalCode": "80004",
        "state": "CO"
    },
    {
        "address": "80 North East Street",
        "city": "Holyoke",
        "coordinates": {
            "lat": 42.2041219,
            "lng": -72.5977704
        },
        "postalCode": "01040",
        "state": "MA"
    },
    {
        "address": "4695 East Huntsville Road",
        "city": "Fayetteville",
        "coordinates": {
            "lat": 36.0471975,
            "lng": -94.0946286
        },
        "postalCode": "72701",
        "state": "AR"
    },
    {
        "address": "310 Timrod Road",
        "city": "Manchester",
        "coordinates": {
            "lat": 41.756758,
            "lng": -72.493501
        },
        "postalCode": "06040",
        "state": "CT"
    },
    {
        "address": "1364 Capri Drive",
        "city": "Panama City",
        "coordinates": {
            "lat": 30.2207276,
            "lng": -85.6808795
        },
        "postalCode": "32405",
        "state": "FL"
    },
    {
        "address": "132 Laurel Green Court",
        "city": "Savannah",
        "coordinates": {
            "lat": 32.0243075,
            "lng": -81.2468102
        },
        "postalCode": "31419",
        "state": "GA"
    },
    {
        "address": "6657 West Rose Garden Lane",
        "city": "Glendale",
        "coordinates": {
            "lat": 33.676018,
            "lng": -112.201658
        },
        "postalCode": "85308",
        "state": "AZ"
    },
    {
        "address": "519 West 75th Avenue",
        "city": "Anchorage",
        "coordinates": {
            "lat": 61.15288690000001,
            "lng": -149.889133
        },
        "postalCode": "99518",
        "state": "AK"
    },
    {
        "address": "31353 Santa Elena Way",
        "city": "Union City",
        "coordinates": {
            "lat": 37.593981,
            "lng": -122.059762
        },
        "postalCode": "94587",
        "state": "CA"
    },
    {
        "address": "8398 West Denton Lane",
        "city": "Glendale",
        "coordinates": {
            "lat": 33.515353,
            "lng": -112.240812
        },
        "postalCode": "85305",
        "state": "AZ"
    },
    {
        "address": "700 Winston Place",
        "city": "Anchorage",
        "coordinates": {
            "lat": 61.215882,
            "lng": -149.737337
        },
        "postalCode": "99504",
        "state": "AK"
    },
    {
        "address": "232 Maine Avenue",
        "city": "Panama City",
        "coordinates": {
            "lat": 30.1527033,
            "lng": -85.63207129999999
        },
        "postalCode": "32401",
        "state": "FL"
    },
    {
        "address": "1 Kempf Drive",
        "city": "Easton",
        "coordinates": {
            "lat": 42.0505989,
            "lng": -71.08029379999999
        },
        "postalCode": "02375",
        "state": "MA"
    },
    {
        "address": "5811 Crossings Boulevard",
        "city": "Nashville",
        "coordinates": {
            "lat": 36.0370847,
            "lng": -86.6413728
        },
        "postalCode": "37013",
        "state": "TN"
    },
    {
        "address": "5108 Franklin Street",
        "city": "Savannah",
        "coordinates": {
            "lat": 32.034987,
            "lng": -81.121928
        },
        "postalCode": "31405",
        "state": "GA"
    },
    {
        "address": "913 Fallview Trail",
        "city": "Nashville",
        "coordinates": {
            "lat": 36.02419100000001,
            "lng": -86.718305
        },
        "postalCode": "37211",
        "state": "TN"
    },
    {
        "address": "270 Chrissy's Court",
        "coordinates": {
            "lat": 44.1710043,
            "lng": -73.1065617
        },
        "postalCode": "05443",
        "state": "VT"
    },
    {
        "address": "130 Old Route 103",
        "city": "Chester",
        "coordinates": {
            "lat": 43.224335,
            "lng": -72.54227399999999
        },
        "postalCode": "05143",
        "state": "VT"
    },
    {
        "address": "10826 Pointe Royal Drive",
        "city": "Bakersfield",
        "coordinates": {
            "lat": 35.2930007,
            "lng": -119.1225908
        },
        "postalCode": "93311",
        "state": "CA"
    },
    {
        "address": "74 Ranch Drive",
        "city": "Montgomery",
        "coordinates": {
            "lat": 32.383322,
            "lng": -86.235124
        },
        "postalCode": "36109",
        "state": "AL"
    },
    {
        "address": "6601 West Ocotillo Road",
        "city": "Glendale",
        "coordinates": {
            "lat": 33.53433,
            "lng": -112.2011246
        },
        "postalCode": "85301",
        "state": "AZ"
    },
    {
        "address": "19416 Barclay Road",
        "city": "Castro Valley",
        "coordinates": {
            "lat": 37.70382,
            "lng": -122.091054
        },
        "postalCode": "94546",
        "state": "CA"
    },
    {
        "address": "1347 Blackwalnut Court",
        "city": "Annapolis",
        "coordinates": {
            "lat": 38.936881,
            "lng": -76.475823
        },
        "postalCode": "21403",
        "state": "MD"
    },
    {
        "address": "1770 Colony Way",
        "city": "Fayetteville",
        "coordinates": {
            "lat": 36.0867,
            "lng": -94.229754
        },
        "postalCode": "72704",
        "state": "AR"
    },
    {
        "address": "165 Saint John Street",
        "city": "Manchester",
        "coordinates": {
            "lat": 41.7762171,
            "lng": -72.5410548
        },
        "postalCode": "06040",
        "state": "CT"
    },
    {
        "address": "2409 Research Boulevard",
        "city": "Fort Collins",
        "coordinates": {
            "lat": 40.554586,
            "lng": -105.087852
        },
        "postalCode": "80526",
        "state": "CO"
    },
    {
        "address": "1903 Bashford Manor Lane",
        "city": "Louisville",
        "coordinates": {
            "lat": 38.1977059,
            "lng": -85.675288
        },
        "postalCode": "40218",
        "state": "KY"
    },
    {
        "address": "8315 Surf Drive",
        "city": "Panama City Beach",
        "coordinates": {
            "lat": 30.163458,
            "lng": -85.785449
        },
        "postalCode": "32408",
        "state": "FL"
    },
    {
        "address": "3301 Old Muldoon Road",
        "city": "Anchorage",
        "coordinates": {
            "lat": 61.1908348,
            "lng": -149.7340096
        },
        "postalCode": "99504",
        "state": "AK"
    },
    {
        "address": "8800 Cordell Circle",
        "city": "Anchorage",
        "coordinates": {
            "lat": 61.1409305,
            "lng": -149.9437822
        },
        "postalCode": "99502",
        "state": "AK"
    },
    {
        "address": "117 East Cook Avenue",
        "city": "Anchorage",
        "coordinates": {
            "lat": 61.230336,
            "lng": -149.883795
        },
        "postalCode": "99501",
        "state": "AK"
    },
    {
        "address": "6231 North 67th Avenue",
        "city": "Glendale",
        "coordinates": {
            "lat": 33.5279666,
            "lng": -112.2022551
        },
        "postalCode": "85301",
        "state": "AZ"
    },
    {
        "address": "8505 Waters Avenue",
        "city": "Savannah",
        "coordinates": {
            "lat": 31.9901877,
            "lng": -81.1070672
        },
        "postalCode": "31406",
        "state": "GA"
    },
    {
        "address": "7 Underwood Place Northwest",
        "city": "Washington",
        "coordinates": {
            "lat": 38.969351,
            "lng": -77.009722
        },
        "postalCode": "20012",
        "state": "DC"
    },
    {
        "address": "21950 Arnold Center Road",
        "city": "Carson",
        "coordinates": {
            "lat": 33.8272706,
            "lng": -118.2302826
        },
        "postalCode": "90810",
        "state": "CA"
    },
    {
        "address": "1427 South Carolina Avenue Southeast",
        "city": "Washington",
        "coordinates": {
            "lat": 38.886615,
            "lng": -76.9845349
        },
        "postalCode": "20003",
        "state": "DC"
    },
    {
        "address": "1420 Turtleback Trail",
        "city": "Panama City",
        "coordinates": {
            "lat": 30.281084,
            "lng": -85.9677169
        },
        "postalCode": "32413",
        "state": "FL"
    },
    {
        "address": "109 Summit Street",
        "city": "Burlington",
        "coordinates": {
            "lat": 44.4729749,
            "lng": -73.2026566
        },
        "postalCode": "05401",
        "state": "VT"
    }
]
